"Carimbo de data/hora","Idade","Escolaridade","Voce aceitaria fazer uma cirurgia feita por robos?","Por que?","O que voce acha da substituiçao de humanos por robos na medicina?"
"2019/06/20 1:53:02 PM GMT-3","Menos de 18","Ensino Medio Incompleto","Depende",,"Ruim pq tira emprego de humanos, e qualquer bug poderia matar alguem."
"2019/06/20 1:57:19 PM GMT-3","Menos de 18","Ensino Medio Incompleto","Sim","Desde que bem programados, menos suscetiveis a falhas.","Valida"
"2019/06/20 2:00:33 PM GMT-3","Entre 25 e 30 anos","Ensino Superior Completo","Nao","Um robo nao teria um senso critico subjetivo. A saude humana nao e construida por algoritmo.","Substituiçao acho um erro. Mas trabalhando concomitantemente aos medicos e sendo aplicados em casos que nao envolvam cirurgias, por exemplo, viavel."
"2019/06/20 2:03:36 PM GMT-3","Acima de 60 anos","Ensino Medio Completo","Sim",,"Sempre  com supervisao humana."
"2019/06/20 2:04:56 PM GMT-3","Acima de 60 anos","Ensino Superior Completo","Sim","Sao programados para a exatidao ","Nao creio que sejam programados para imprevistos portanto sempre deveriam ter um humano presente "
"2019/06/20 2:07:21 PM GMT-3","Entre 18 e 21 anos","Ensino Superior Incompleto","Nao",,"Nao gosto"
"2019/06/20 2:11:06 PM GMT-3","Entre 22 e 25 anos","Ensino Superior Incompleto","Depende","Depende da garantia de segurança do procedimento","Se trouxer melhores resultados, sou a favor."
"2019/06/20 2:18:07 PM GMT-3","Entre 31 e 60 anos","Ensino Fundamental Completo","Depende","Depende do tipo de cirurgia.","Acho que deve funcionar junto e nao substituir. Principalmente porque estaremos tratando de humanos e nao de robos e ha a necessidade de empatia para que se chegue ao melhor resultado."
"2019/06/20 2:21:10 PM GMT-3","Menos de 18","Ensino Fundamental Incompleto","Depende","Existem areas da Medicina que exigem uma precisao muito grande. Logo, se existissem robos com essa precisao, haveria um avanço muito grande","Nao acho que seria correto em todas as areas, porque haveria uma taxa de desemprego gigantesca, e existem areas que requerem mais humanidade"
"2019/06/20 2:21:18 PM GMT-3","Entre 18 e 21 anos","Ensino Medio Completo","Sim",,"Se tiver uma chance muito pequena de erro e interessante para a medicina, pelo fato de ocorrer ainda erros muitas vezes ridiculos feito por descuidos de medicos"
"2019/06/20 2:21:55 PM GMT-3","Entre 18 e 21 anos","Ensino Superior Incompleto","Sim",,"Algo a ser pensado com muita cautela. Mesmo que a atuaçao do robo seja preciso, ele ainda e programado e construido por humanos, que sao falhos"
"2019/06/20 2:22:40 PM GMT-3","Entre 18 e 21 anos","Ensino Superior Incompleto","Sim","Precisao.","Inovador e necessario para certas cirurgias."
"2019/06/20 2:23:23 PM GMT-3","Entre 22 e 25 anos","Ensino Superior Incompleto","Sim",,"Pode haver falta de empatia com a familia. Na cirurgia pode haver menos falhas e erros humanos. Robos nao ficam cansados. Mas e necessario ter medicos (pessoas) por perto caso aconteça algo com o robo."
"2019/06/20 2:23:43 PM GMT-3","Entre 18 e 21 anos","Ensino Medio Completo","Depende","nao sei se confio 100% em um robo","em certos casos, acho possivel, mas nada como um humano no controle"
"2019/06/20 2:25:14 PM GMT-3","Entre 22 e 25 anos","Ensino Superior Incompleto","Depende","Antes disso ser implementado acredito que o numero de teste deve ser exponencial. Alem disso um robo nao tem a sensibilidade de um ser humano","Substituiçao e uma palavra muito forte, uma maior integraçao entre robos e seres humanos, na minha opiniao, seria ideal. "
"2019/06/20 2:25:46 PM GMT-3","Entre 18 e 21 anos","Ensino Superior Incompleto","Sim","Se a tecnologia avançar o suficiente, as cirurgias poderao ser realizadas com muito mais precisao, serao menos incisivas e com menos erros medicos!","Acho que se a tecnologia estiver madura o suficiente pode ser otimo, porque robos em conjunto com IA podem ser muito mais precisos nos diagnosticos e nao teriam seu julgamentos afetados por condiçoes pessoais, mau humor, insatisfaçao com trabalho e etc"
"2019/06/20 2:26:20 PM GMT-3","Entre 18 e 21 anos","Ensino Superior Incompleto","Sim",,"Se for feito de maneira correta e com menos incidencia de erros que os humanos, seria uma otima alternativa"
"2019/06/20 2:26:24 PM GMT-3","Entre 18 e 21 anos","Ensino Superior Incompleto","Depende","poderiam ser usado para ajudar e nao aceitaria uma cirurgia 100% feita por robos","acho que a substituiçao nao seria a melhor escolha, mas e sim para auxiliar por exemplo em detecçao de doenças e afins"
"2019/06/20 2:27:04 PM GMT-3","Menos de 18","Ensino Medio Incompleto","Sim",,"Muito utopica"
"2019/06/20 2:28:06 PM GMT-3","Entre 25 e 30 anos","Ensino Superior Completo","Sim","A ciencia avança pra ter essa maior precisao.  ","Total,sou contra. Em conjunto, acho otimo. "
"2019/06/20 2:28:06 PM GMT-3","Entre 18 e 21 anos","Ensino Superior Incompleto","Nao","Nao confio na inteligencia artificial ","Para procedimentos mais "" mecânicos"" como costurar ou abrir uma parte do corpo o uso de maquinas poderia ser usado para ter maior precisao"
"2019/06/20 2:28:25 PM GMT-3","Entre 31 e 60 anos","Ensino Superior Completo","Nao","Acho que e necessario a supervisao humana.","Nao acho que os humanos deveriam supervisiobar os robos"
"2019/06/20 2:28:35 PM GMT-3","Entre 18 e 21 anos","Ensino Superior Incompleto","Sim","Desde que os movimentos dos robos sejam muito bem calibrados eles nao terao margem para erros
","No momento atual ainda nao, mas quem sabe um dia os robos possam ter uma bagaram e aparato melhor para surbistituir-nos"
"2019/06/20 2:28:41 PM GMT-3","Entre 31 e 60 anos","Ensino Superior Completo","Sim","Precisao e reprodutibilidade ","Acho que nao deveria ser uma substituiçao. Acredito mais em uma parceria, onde os humanos sejam responsaveis pela programaçao, acompanhamento e avaliaçao dos procedimentos. Alem disso, a interaçao medico-paciente nao pode ser substituida por robos. "
"2019/06/20 2:30:29 PM GMT-3","Entre 22 e 25 anos","Ensino Superior Incompleto","Sim",,"A automatizaçao ajuda a evitar erros de precisao, mas nao pode ser feita completamente pois em cirurgias acontecem muitos imprevistos que precisam de soluçoes ageis. Robos sao otimos em atividades repetitivas ou precisas, mas se adaptar rapidamente a adversidades ainda e a especialidade de humanos."
"2019/06/20 2:31:15 PM GMT-3","Entre 18 e 21 anos","Ensino Superior Incompleto","Nao","Porque nao confio em situaçoes de mudanças de planos durante a cirurgia ","Nao acho bom, alem de desempregar uma parcela grande da populaçao, nao confio "
"2019/06/20 2:33:55 PM GMT-3","Entre 18 e 21 anos","Ensino Superior Incompleto","Depende","se fosse muito delicada, a precisao da maquina seria melhor","Robos sao apenas a ferramenta, nunca poderao substituir por completo os humanos"
"2019/06/20 2:33:56 PM GMT-3","Entre 18 e 21 anos","Ensino Superior Incompleto","Depende","Depende dos testes anteriores e porcentagem de sucesso","Acho que um trabalho conjunto de robos e humanos seria o caminho otimo por ter tanto a frieza e precisao dos robos como a empatia e interpretacao dos humanos"
"2019/06/20 2:34:24 PM GMT-3","Entre 31 e 60 anos","Ensino Medio Completo","Sim","Ja fiz uma. Fiz uma cirurgia de remoçao de prostata e minha experiencia foi muito boa.","Substituir literalmente eu nao concordo nao porque a participaçao humana e importante."
"2019/06/20 2:36:41 PM GMT-3","Entre 31 e 60 anos","Ensino Superior Completo","Nao","Receio de como o robo agiria numa situaçao inusitada","Nao acho uma boa ideia "
"2019/06/20 2:39:03 PM GMT-3","Entre 18 e 21 anos","Ensino Superior Incompleto","Sim","Meu pai fez uma cirurgia de remoçao de prostata e foi um sucesso entao eu confiaria","Eu acho que estamos rumando pra isso e nao seria de total ruim.
As maquinas tem taxas de falha muito menores do que o ser humano entao se alguem dissesse que um medico robo eh melhor que um humano eu acreditaria."
"2019/06/20 2:39:40 PM GMT-3","Entre 18 e 21 anos","Ensino Medio Completo","Depende","Dependendo se for uma cirurgia de muito risco e nao tiver muito especializada a cirurgia por robos, nao sei se eu autorizaria. ","Se estiverem preparados e bem desenvolvidos, nao vejo problema nenhum. "
"2019/06/20 2:41:01 PM GMT-3","Entre 18 e 21 anos","Ensino Superior Incompleto","Depende","De qual cirurgia...","Um pouco arriscado..."
"2019/06/20 2:44:04 PM GMT-3","Entre 31 e 60 anos","Ensino Superior Completo","Depende","Acredito que cirurgias nao sao procedimentos simples que possam ser resolvidos com algoritmos, algumas podem depender de decisoes que o medico precisa tomar durante a cirurgia, e atualmente nao acho que robos tenham o mesmo discernimento que os humanos para tomar essas decisoes (que podem ser baseadas mais em emoçoes e intuiçao do que simplesmente na razao) ","Os humanos sao bem mais complexos que robos, eu nao acredito que um robo possa compreender 100% um humano. Para algumas situaçoes, como diagnostico de viroses e outras doenças mais simples um robo pode sim ser uma opçao, mas num panorama geral, a avaliaçao de outro humano e imprescindivel."
"2019/06/20 2:45:30 PM GMT-3","Entre 18 e 21 anos","Ensino Medio Completo","Nao","Porque nao acho seguro no momento.","Errado"
"2019/06/20 2:48:14 PM GMT-3","Menos de 18","Ensino Medio Incompleto","Nao","eu confio mais nos conhecimentos humanos","errado"
"2019/06/20 2:48:41 PM GMT-3","Entre 22 e 25 anos","Ensino Superior Incompleto","Sim","Risco de erro menor que risco humano, mais preciso","Top"
"2019/06/20 2:50:12 PM GMT-3","Entre 22 e 25 anos","Ensino Superior Incompleto","Sim",,"Nao acho que havera uma substituiçao. Havera uma uniao dos humanos com os robos. A tendencia e todas as areas aprenderem TI justamente para haver essas facilitaçoes tecnologicas."
"2019/06/20 2:51:15 PM GMT-3","Entre 31 e 60 anos","Ensino Medio Completo","Sim","Porque a mao da pessoa pode tremer um robo nao, e o corte do robo e mais preciso.","Muito bom, porque eu acho que a qualidade das cirurgias sao bem maiores"
"2019/06/20 2:53:42 PM GMT-3","Entre 25 e 30 anos","Ensino Superior Completo","Depende","Se ja tiver casuisticas anterios com alta taxa de sucesso, faria. Porem nao participaria de uma fase experimental ","e o caminho que estamos pecorrendo e sera inevitavel tal modernizaçao."
"2019/06/20 2:54:10 PM GMT-3","Entre 31 e 60 anos","Ensino Superior Completo","Nao","Por causa de falha no sistema. Vai que durante a cirurgia o sistema falha?","Desnecessaria"
"2019/06/20 2:59:18 PM GMT-3","Entre 31 e 60 anos","Ensino Superior Incompleto","Sim",,"Sendo comandado por humano nao vejo problemas. "
"2019/06/20 3:09:15 PM GMT-3","Menos de 18","Ensino Superior Incompleto","Depende","Depende dos resultados obtidos em inumeros testes","Acho q depende do pais, nao adiante substituir os profissionais e deixa-los desempregados no Brasil."
"2019/06/20 3:16:40 PM GMT-3","Entre 22 e 25 anos","Ensino Superior Incompleto","Sim",,"Dependendo do nivel de acerto acho mais confiavel. "
"2019/06/20 3:18:42 PM GMT-3","Entre 25 e 30 anos","Ensino Superior Completo","Depende","Talvez por ser algo novo","Interessante, em alguns casos os robos podem ser mais precisos que o ser humano"
"2019/06/20 3:24:14 PM GMT-3","Entre 18 e 21 anos","Ensino Medio Completo","Nao",,"Acabaria com mais um profissao"
"2019/06/20 3:27:02 PM GMT-3","Entre 25 e 30 anos","Ensino Superior Completo","Depende","Nao tendo I. A. sim! A precisao e incomparavel! ","Pode ser feita, mas com cautela, as decisoes sempre terao que vir por medicos.. "
"2019/06/20 3:37:25 PM GMT-3","Entre 22 e 25 anos","Ensino Superior Incompleto","Depende","Depende se tiver alta porcentagem de casos anteriores de sucesso","Pode ajudar com situaçoes extremamente delicadas"
"2019/06/20 3:40:20 PM GMT-3","Entre 18 e 21 anos","Ensino Superior Incompleto","Sim",,"Se forem bem programados, ok"
"2019/06/20 3:48:01 PM GMT-3","Menos de 18","Ensino Medio Incompleto","Sim","Contanto que tivesse um alto indice de sucesso enquanto o dos medicos humanos nao se comparam, seria mais seguro","A substituiçao so deveria acontecer  em cirurgias mais dificeis ou como assistencias"
"2019/06/20 3:54:13 PM GMT-3","Entre 31 e 60 anos","Ensino Superior Completo","Sim","Precisao e ajuda aos profissionais. ","Nao acho que os robos venham a substituir os humanos, eles sozinhos nao sao capazes de executar os procedimentos. "
"2019/06/20 4:01:33 PM GMT-3","Entre 18 e 21 anos","Ensino Superior Incompleto","Sim","Robos teriam mais precisao que humanos","Evoluçao"
"2019/06/20 4:03:25 PM GMT-3","Entre 31 e 60 anos","Ensino Superior Completo","Sim","Acredito que diminua os riscos de erro e aumente a precisao nos procedimentos. ","Humanos nunca serao substituidos de todo. A robotica so acrescenta mais tecnologia aos processos. "
"2019/06/20 4:03:34 PM GMT-3","Entre 31 e 60 anos","Ensino Medio Completo","Nao","Tenho medo de nao ter recursos caso algo de errado","Interessante"
"2019/06/20 4:07:13 PM GMT-3","Entre 22 e 25 anos","Ensino Superior Incompleto","Sim",,"Fundamental"
"2019/06/20 4:07:59 PM GMT-3","Entre 22 e 25 anos","Ensino Superior Incompleto","Sim",,"Acredito que quanto mais precisao em ocorrencias cirurgicas, melhores sao as chances do paciente. Entao sou a favor, nos casos em que ha sempre um acompanhamento humano. "
"2019/06/20 4:14:31 PM GMT-3","Entre 31 e 60 anos","Ensino Superior Completo","Sim","Em alguns casos a precisao e maior.","Se a tomada de decisoes continuar com os medicos e otimo."
"2019/06/20 4:14:54 PM GMT-3","Entre 31 e 60 anos","Ensino Superior Completo","Sim","Confiança na precisao de movimentos","Acho valido apos muito estudo e analise e testes executados e tudo supervisionado por pessoal especializado. "
"2019/06/20 4:19:11 PM GMT-3","Entre 31 e 60 anos","Ensino Medio Completo","Sim","Acho seguro!
","Interessante! "
"2019/06/20 4:19:53 PM GMT-3","Entre 31 e 60 anos","Ensino Medio Completo","Depende","Depois da aprovaçao do Conselho...","Depende"
"2019/06/20 4:19:55 PM GMT-3","Entre 31 e 60 anos","Ensino Superior Completo","Depende","Do meu estado emocional, psicologico, tipo de cirurgia, enfim n fatores","Apesar da evoluçao tecnologica, creio que precisa ser muito bem avaliado, afinal estamos falando de vidas."
"2019/06/20 4:22:54 PM GMT-3","Entre 31 e 60 anos","Ensino Superior Completo","Nao","Nao confio em robos ","Uma tremenda burrice "
"2019/06/20 4:23:43 PM GMT-3","Entre 22 e 25 anos","Ensino Superior Completo","Nao","A Inteligencia da maquina nao funciona à base do ""depende"", apenas à base do sim ou nao. ","Complicado ne. As pessoas adquirem conhecimento por experiencia, ja as maquinas por algoritmo, apenas. "
"2019/06/20 4:24:19 PM GMT-3","Entre 31 e 60 anos","Ensino Superior Incompleto","Sim","Na hora do desespero voce nao escolhe o santo","Uma evoluçao que independe da vontade dos pacientes."
"2019/06/20 4:27:45 PM GMT-3","Entre 18 e 21 anos","Ensino Superior Incompleto","Depende","Se eles estiverem sendo supervisionados por humanos, sim ","Preocupante "
"2019/06/20 4:28:46 PM GMT-3","Entre 31 e 60 anos","Ensino Superior Incompleto","Sim","Cirurgias menos invasivas e mais precisas. Robos nao ficam suscetiveis aos fatores que levam a possiveis erros, como cansaço e estresse.","Acho importante qualidades exclusivamente humanas nas areas gerais da medicina; empatia, compreensao de fatores psicologicos e sociais, enfim, situaçoes em que uma avaliaçao feita por um ser humano pode ter mais resultado. "
"2019/06/20 4:29:33 PM GMT-3","Entre 31 e 60 anos","Ensino Superior Incompleto","Depende","Na verdade, o tipo de cirurgia e que orientaria essa resposta","Em alguns casos creio que seja positivo"
"2019/06/20 4:30:56 PM GMT-3","Entre 31 e 60 anos","Ensino Superior Incompleto","Sim","Sao altamente qualificados","Acho valido. Robos nao cometeriam erros"
"2019/06/20 4:32:22 PM GMT-3","Entre 31 e 60 anos","Ensino Medio Completo","Depende","Aceitaria apos muitos testes.","Possivel "
"2019/06/20 4:33:28 PM GMT-3","Entre 22 e 25 anos","Ensino Medio Completo","Depende","No inicio maior e a chance de dar errado","Inevitavel "
"2019/06/20 4:34:08 PM GMT-3","Entre 31 e 60 anos","Ensino Superior Completo","Sim","Acredito na tecnologia ","Nao sou contra desde q seja bem supervisionado "
"2019/06/20 4:34:12 PM GMT-3","Entre 22 e 25 anos","Ensino Superior Incompleto","Depende","Depende da precisao do movimento","Nao tenho certeza se ajudaria ou nao"
"2019/06/20 4:35:16 PM GMT-3","Entre 31 e 60 anos","Ensino Superior Completo","Depende","Acho melhor o ser humano.","Poderia ajudar nao substituir."
"2019/06/20 4:35:30 PM GMT-3","Entre 31 e 60 anos","Ensino Superior Completo","Nao","Pq a medicina nao e uma  ciencia exata","Um erro"
"2019/06/20 4:36:19 PM GMT-3","Entre 31 e 60 anos","Ensino Superior Incompleto","Depende","Depende do tipo de cirurgia ","Substituiçao total nao apoio"
"2019/06/20 4:38:13 PM GMT-3","Entre 31 e 60 anos","Ensino Superior Completo","Sim","Ja fiz","Bem vindo "
"2019/06/20 4:40:29 PM GMT-3","Entre 31 e 60 anos","Ensino Superior Completo","Sim","Precisao.","Um grande avanço."
"2019/06/20 4:40:35 PM GMT-3","Entre 31 e 60 anos","Ensino Superior Incompleto","Depende","Medo de algo der errado","No momento acho que nao seria confiavel"
"2019/06/20 4:40:51 PM GMT-3","Entre 31 e 60 anos","Ensino Superior Completo","Depende","Dependeria do nivel de precisao da maquina. ","Acho que necessita de muito estudo para nao cometer erros irreparaveis. "
"2019/06/20 4:42:00 PM GMT-3","Acima de 60 anos","Ensino Superior Completo","Sim","Confiança em novas tecnologias","Eu aprovo, desde que supervisionados por humanos!"
"2019/06/20 4:42:19 PM GMT-3","Entre 31 e 60 anos","Ensino Superior Completo","Sim","porque certamente ele tera sido programado por um excelente conhecedor do procedimento medico","acho que isso esta longe de acontecer pois sempre havera necessidade  de um humano para manipular."
"2019/06/20 4:42:36 PM GMT-3","Entre 31 e 60 anos","Ensino Medio Completo","Depende","Teria que ter um cirurgiao junto","O trabalho tem que ser em conjunto. So por robo nao concordo
"
"2019/06/20 4:43:03 PM GMT-3","Menos de 18","Ensino Fundamental Incompleto","Sim","Robos sao a nossa nova geraçao","Isso significa que a medicina esta inovando,e isso,eh bom ;-;"
"2019/06/20 4:47:01 PM GMT-3","Entre 22 e 25 anos","Ensino Superior Incompleto","Depende","Para que eu possa permitir, eu teria que ter fortes comprovaçoes que a taxa de erros das açoes dos robos sejam extremamente minima.","Ainda ha a necessidade de um estudo mais detalhado e serio sobre o assunto. Construir robos inteligentes que saibam agir em todas as situaçoes possiveis e um desafio, e que inclui a area de Inteligencia Artificial. Portanto, substituir humanos por robos na medicina, uma area onde pequenos erros sempre geram graves consequencias aos pacientes, e algo que vai demorar a ser alcançado."
"2019/06/20 4:47:42 PM GMT-3","Entre 31 e 60 anos","Ensino Medio Completo","Nao","Porque robo nao pode subatituir um humano.","Nao acho uma boa. Ser humano nao e substituivel. "
"2019/06/20 4:51:01 PM GMT-3","Entre 22 e 25 anos","Ensino Superior Incompleto","Sim","porque ja confio em robos para outras tarefas, como fazer meus pagamentos, etc","a substituiçao completa seria equivocada. mas como auxiliares acho otimo. pode vir a diminuir o numero de pessoas em fila de cirurgias "
"2019/06/20 4:51:17 PM GMT-3","Entre 31 e 60 anos","Ensino Superior Completo","Sim","Sao mais precisos ","Pode ser necessario "
"2019/06/20 4:51:39 PM GMT-3","Entre 31 e 60 anos","Ensino Superior Completo","Sim","e mais preciso, quando o medico e bem treinado","Humanos nunca serao substituidos por robos."
"2019/06/20 4:54:32 PM GMT-3","Entre 31 e 60 anos","Ensino Fundamental Incompleto","Sim","Quaze tudo ta ficando robotico","Eu acho muito arriscado"
"2019/06/20 4:55:07 PM GMT-3","Entre 31 e 60 anos","Ensino Superior Incompleto","Depende","Nao sei se estamos prontos para isso....","Se for para melhorar o atendimento, acho valido."
"2019/06/20 4:58:08 PM GMT-3","Entre 31 e 60 anos","Ensino Superior Completo","Depende","Dependeria do tipo de cirurgia....","Uma ferramenta de auxilio util"
"2019/06/20 4:58:32 PM GMT-3","Entre 31 e 60 anos","Ensino Medio Completo","Depende","Confiança!!","Bom,  so acho, que teria muitos desemprego!!"
"2019/06/20 4:58:46 PM GMT-3","Entre 31 e 60 anos","Ensino Fundamental Completo","Depende","Se me passar uma segurança e tiver uma pessoa que tenha o total controle caso haja algum imprevisto.","A ideia parece ser boa, mas acho que ainda e algo pra ser discutido."
"2019/06/20 4:59:23 PM GMT-3","Entre 31 e 60 anos","Ensino Superior Completo","Depende","Se fosse uma cirurgia experimental nao, mas se fosse um procedimento ja testado e aprovado sim.","Acho que substituiçao nao, porque acho importante a empatia pelo paciente, que so outro ser humano seria capaz. Mas como complemento e auxilio ao profissional seria muito bom."
"2019/06/20 5:00:57 PM GMT-3","Entre 31 e 60 anos","Ensino Superior Completo","Sim","Precisao.","Um grande avanço."
"2019/06/20 5:08:27 PM GMT-3","Entre 22 e 25 anos","Ensino Superior Incompleto","Sim",,"Bom"
"2019/06/20 5:12:05 PM GMT-3","Entre 31 e 60 anos","Ensino Superior Completo","Sim","Pela exatidao em determinados procedimentos. Nao existe distraçao e robos nao ficam tensos e nao tem emocional envolvido.","Nao acho interessante a substituiçao em procedimentos cirurgicos, pois acredito que a presença de ambos e necessaria, por eventuais imprevistos onde somente humanos possam resolver. "
"2019/06/20 5:12:29 PM GMT-3","Entre 31 e 60 anos","Ensino Superior Completo","Depende","Se tivesse uma explicaçao minuciosa de todo processo faria","Acho q robos podem fazer muitas coisas mas sempre com os humanos no comando nunca substituindo"
"2019/06/20 5:12:32 PM GMT-3","Entre 31 e 60 anos","Ensino Superior Completo","Sim","Hoje e uma realidade cirurgias roboticas ","A substituiçao total nao acredito, mas sob a supervisao de humanos acho extremamente viavel "
"2019/06/20 5:12:34 PM GMT-3","Entre 31 e 60 anos","Ensino Superior Completo","Nao","Acredito que a tecnologia veio para auxiliar e nao para substituir o ser humano.","Acredito que nao e o melhor caminho."
"2019/06/20 5:16:08 PM GMT-3","Entre 25 e 30 anos","Ensino Superior Incompleto","Depende","Porque pra mim deve haver o acompanhamento de um humano, principalmente quando se trata de cirurgias relacionadas a orgao ou a coluna que sao cirurgias mais criticas!","Nao acho que deva haver substituiçao completa, deve haver um operador humano, que seja medico e consiga utilizar e/ou controlar os robos!"
"2019/06/20 5:16:23 PM GMT-3","Entre 31 e 60 anos","Ensino Superior Incompleto","Sim","Tecnologia ajuda a inovar.","Diminuir erros, filas."
"2019/06/20 5:16:50 PM GMT-3","Entre 31 e 60 anos","Ensino Superior Incompleto","Sim","Mais seguro e preciso.","otimo!!"
"2019/06/20 5:19:15 PM GMT-3","Entre 18 e 21 anos","Ensino Medio Completo","Depende","Dependendo do tipo da cirurgia ","Interessante "
"2019/06/20 5:22:38 PM GMT-3","Entre 22 e 25 anos","Ensino Superior Incompleto","Depende","Acho que para algumas cirurgias e valido fazer com robos, porem outras o fator humano e algo que e crucial. ","Concordo em parte. Robos nao possuem sensibilidade humana."
"2019/06/20 5:40:01 PM GMT-3","Entre 31 e 60 anos","Ensino Superior Completo","Nao","Nenhuma maquina substitui a açao humana. Isto porque o nivel de cogniçao humana e incomensuravel.","Nada a declarar."
"2019/06/20 5:53:31 PM GMT-3","Acima de 60 anos","Ensino Superior Completo","Sim","Afinal quem programa o robo certamente entende de medicina. ","Acho viavel quando necessario.
"
"2019/06/20 6:03:25 PM GMT-3","Entre 31 e 60 anos","Ensino Superior Incompleto","Sim","Maquinas sao mais perfeccionista.","Valido"
"2019/06/20 6:04:25 PM GMT-3","Entre 31 e 60 anos","Ensino Superior Completo","Sim","Alta tecnologia ","Nao favoravel que seja substituiçao total."
"2019/06/20 6:06:00 PM GMT-3","Entre 31 e 60 anos","Ensino Medio Completo","Depende","Se for uma cirurgia simples sim, mas uma de risco nao...","Nao gosto muito da ideia... "
"2019/06/20 6:17:19 PM GMT-3","Entre 31 e 60 anos","Ensino Superior Incompleto","Depende","Sendo orientado por seres humanos, sem problemas.","Sendo orientado por medicos e sendo para agilizar os procedimentos, algo a se considerar. "
"2019/06/20 6:19:08 PM GMT-3","Entre 31 e 60 anos","Ensino Fundamental Completo","Nao","Nao e confiavel","Nao  e confiavel"
"2019/06/20 6:21:50 PM GMT-3","Entre 31 e 60 anos","Ensino Superior Incompleto","Nao","Ainda nao acho suguto","Nao concordo "
"2019/06/20 6:24:10 PM GMT-3","Entre 31 e 60 anos","Ensino Superior Completo","Depende","Porque pode ser falho.","Acho assustador. e uma coisa muito moderna, nao sei se e eficaz."
"2019/06/20 6:26:44 PM GMT-3","Entre 31 e 60 anos","Ensino Fundamental Completo","Nao","Medo","Acima de Deus!"
"2019/06/20 6:28:27 PM GMT-3","Entre 31 e 60 anos","Ensino Superior Completo","Depende","Desde que monitorados por humanos, tudo bem!","A ideia de ""substituir"" nao me convence"
"2019/06/20 6:29:22 PM GMT-3","Entre 31 e 60 anos","Ensino Superior Completo","Nao","Porque acho que determinadas funçoes so cabem ao homem ","Pode ser um recurso mas nao o fim "
"2019/06/20 6:33:47 PM GMT-3","Entre 31 e 60 anos","Ensino Medio Completo","Sim","Pela precisao ","Impossivel a substituiçao algumas decisoes ainda teria que ser feita por humanos. "
"2019/06/20 6:34:28 PM GMT-3","Entre 18 e 21 anos","Ensino Superior Incompleto","Sim","Porque eles vao ser programado parar isso","Arriscado mas valido"
"2019/06/20 6:44:35 PM GMT-3","Entre 31 e 60 anos","Ensino Superior Completo","Sim","Pq acredito numa boa eficacia ... ","Substituiçao  NaO  ... mas contar com essa evoluçao  como um importante  complemento ... SIM."
"2019/06/20 6:55:55 PM GMT-3","Entre 31 e 60 anos","Ensino Fundamental Completo","Depende",,"Nao  sei"
"2019/06/20 7:02:23 PM GMT-3","Entre 31 e 60 anos","Ensino Superior Completo","Sim",,"Nao acredito que deva ocorrer 100% mais essa uniao e bem vinda ais melhores procedimentos cirurgicos."
"2019/06/20 7:04:42 PM GMT-3","Entre 18 e 21 anos","Ensino Medio Completo","Nao","Creio que em uma situaçao onde as coisas nao ocorram 100% como previsto, o fator humano para tomar uma decisao faria diferença. ","Creio que para realizar operaçoes mais simples nao ha problemas. Para situaçoes complexas, acho um erro."
"2019/06/20 7:07:48 PM GMT-3","Entre 31 e 60 anos","Ensino Superior Completo","Sim","Pq o uso da tecnologia hj e indispensavel em todos os setores ","Nao devem ser substituidos. Deve-se encontrar sempre um equilibrio.  O homem deve dominar a maquina e nao o contrario."
"2019/06/20 7:08:03 PM GMT-3","Entre 31 e 60 anos","Ensino Medio Completo","Nao","Ainda nao tenho certeza da eficiencia. ","Ainda precisamos de humanidade nos momentos cruciais."
"2019/06/20 7:11:13 PM GMT-3","Entre 31 e 60 anos","Ensino Superior Completo","Depende","Desde que monitorados por humanos, tudo bem!","A ideia de ""substituir"" nao me convence"
"2019/06/20 7:14:39 PM GMT-3","Entre 18 e 21 anos","Ensino Superior Incompleto","Depende","Caso me provassem ser confiavel, eu faria.","Nao deve ser uma substituiçao integral. Humanos devem permanecer, ao menos, supervisionando os robos."
"2019/06/20 7:17:36 PM GMT-3","Entre 31 e 60 anos","Ensino Medio Completo","Sim","Pela segurança ","Desde que tenha supervisao medica "
"2019/06/20 7:18:58 PM GMT-3","Entre 31 e 60 anos","Ensino Medio Completo","Sim","Pela segurança e precisao ","Desde que tenha supervisao de um medico"
"2019/06/20 7:19:27 PM GMT-3","Entre 31 e 60 anos","Ensino Medio Completo","Nao","Tem haver com manutençao, calibragem, e se queima um componente.","Complicado. "
"2019/06/20 7:21:35 PM GMT-3","Entre 31 e 60 anos","Ensino Superior Completo","Sim","Por tras de um robo tem sempre um humano conduzindo a maquina...","Um avanço de tecnologia... Acredito na precisao da robotica."
"2019/06/20 7:27:24 PM GMT-3","Entre 31 e 60 anos","Ensino Superior Completo","Nao","Ainda falta a sensibilidade humana aliada a inteligencia artificial","Substituiçao nunca, talvez atuando em conjunto com um especialista"
"2019/06/20 7:33:43 PM GMT-3","Entre 31 e 60 anos","Ensino Superior Completo","Sim","Pelas açoes precisas","Um grande passo para medicina moderna, claro que,  sempre havendo  supervisao de uma equipe medica, acompanhando todos os procedimentos."
"2019/06/20 7:40:40 PM GMT-3","Menos de 18","Ensino Fundamental Incompleto","Sim","A ciencia esta ajudando o mundo principalmente com os robos, eles podem ser usados com mais precisao em cirurgias por isso, aceitaria um robo cirurgiao.","Olha, tem lados positivos e negativos, o lado bom e que os robos nao se desgastam, nao faltam trabalho, entre outros. O lado ruim e o qual os humanos nao gostam, os robos tiram muitas vagas das pessoas, se nao tiver um tecnico que entenda sobre ele, o robo pode nao prestar e o grande mito e que eles podem dominar o mundo e nos virarmos os robos."
"2019/06/20 8:00:26 PM GMT-3","Entre 31 e 60 anos","Ensino Superior Completo","Sim","Confio na precisao da tecnologia","Confiavel"
"2019/06/20 8:01:02 PM GMT-3","Entre 31 e 60 anos","Ensino Medio Completo","Sim","Acredito na inovaçao   ","Em alguns casos acho que pode ter maior precisao sem maior maior risco ."
"2019/06/20 8:12:18 PM GMT-3","Entre 31 e 60 anos","Ensino Medio Completo","Depende","Do apoio tecnico.","Ainda e muito cedo, se nem os humanos tem o o conhecimento total de todas doenças."
"2019/06/20 8:17:31 PM GMT-3","Entre 31 e 60 anos","Ensino Superior Completo","Depende","Se ja houverem sido feitos testes que comprovem a segurança talvez sim!","Acredito que ate ter inteligencia artificial avançada sempre tera por tras do robo um humano!"
"2019/06/20 8:28:24 PM GMT-3","Entre 31 e 60 anos","Ensino Superior Incompleto","Sim","Acredito que com avanço da tecnologia, robos podem ter menos chances de cometer falhas ","Acho que os robos sao uma ferramenta que vai ajudar e muito os humanos na medicina, nao substituir  "
"2019/06/20 8:56:33 PM GMT-3","Entre 31 e 60 anos","Ensino Superior Completo","Sim",,"Nao completamente.
Ha aplicaçoes nas quais a precisao robotica e indicada.
Entretanto  ha  outras nas quais variaveis precisam ser avaliadas no  momento da intervençao cirurgica, e eventuais imprevistos, que para soluçao dependem de decisoes Humanas.
Para atendimento existe a questao de resposta do paciente à interaçao com o medico, e robos, mesmo com toda a informaçao disponivel, nao conseguem a empatia necessaria.
"
"2019/06/20 8:56:46 PM GMT-3","Entre 31 e 60 anos","Ensino Superior Completo","Depende","Acredito que preciso entender um pouco mais.","Podera acarretar resultados negativos, como o elevar a taxa de desemprego."
"2019/06/20 8:57:26 PM GMT-3","Entre 31 e 60 anos","Ensino Superior Completo","Depende","Dependendo do grau de complexidade e risco da cirurgia ","Considero que o humano nao deva ser substituido, mas sim ter o robo atuando de maneira complementar em algumas ocasioes. "
"2019/06/20 9:01:34 PM GMT-3","Entre 25 e 30 anos","Ensino Superior Incompleto","Sim","Porque acredito ter menos riscos de erros, mais precisao.","Dependendo do que e a cirurgia, acho super valido e aceito."
"2019/06/20 9:07:08 PM GMT-3","Entre 31 e 60 anos","Ensino Superior Completo","Depende","Ainda nao tenho conhecimento da segurança","Nao confio"
"2019/06/20 9:12:37 PM GMT-3","Entre 31 e 60 anos","Ensino Superior Completo","Sim","Caso fosse a tecnologia recomendada pq nao?! ","Bom... Nao creio em uma substituiçao pq tera q ter alguem para 'operar' a maquina, nao e msm?! "
"2019/06/20 9:30:30 PM GMT-3","Entre 31 e 60 anos","Ensino Superior Completo","Depende","Depende do tipo de operaçao ","Sera um futuro proximo, a vantagem sera a precisao de algumas cirurgia."
"2019/06/20 9:34:26 PM GMT-3","Acima de 60 anos","Ensino Medio Completo","Depende",,"Acho prematuro"
"2019/06/20 9:59:03 PM GMT-3","Entre 31 e 60 anos","Ensino Superior Completo","Nao","Confio mais na experiencia profissional.","Nao gostaria"
"2019/06/20 10:45:28 PM GMT-3","Entre 18 e 21 anos","Ensino Superior Incompleto","Depende","depende de qual parte do corpo fosse a cirurgia e a urgencia da mesma","substituiçao nao, mas apoio medico sim"
"2019/06/20 10:45:49 PM GMT-3","Entre 31 e 60 anos","Ensino Superior Incompleto","Sim",,"Acho que jamais acontecera "
"2019/06/20 11:46:51 PM GMT-3","Entre 22 e 25 anos","Ensino Superior Incompleto","Depende",,"Natural."
"2019/06/21 12:38:05 AM GMT-3","Menos de 18","Ensino Medio Incompleto","Depende","Inteiramente robos me da certo receio pois dominaçao das maquinas, mas auxilio humano e dependendo da cirurgia se fosse melhor, aceitaria melhor.","Meio assustadora mas faz sentido em partes"
"2019/06/21 12:46:38 AM GMT-3","Entre 31 e 60 anos","Ensino Superior Completo","Depende","Precisava saber os resultados anteriores ","Ainda acredito mais em humanos"
"2019/06/21 7:17:48 AM GMT-3","Entre 31 e 60 anos","Ensino Superior Completo","Nao","Ainda nao estou preparada para isso. Nao consigo ver a diferença entre a segurança de um ser humano, para uma maquina. Continuo tendo a certeza de que o ser humano, ainda e mais seguro.","Nao vejo o por que disso acontecer. Creio que por tras de uma maquina, ainda tera o comando de um ser humano. Acredito que o trabalho em conjunto (maquina + humanos), sera mais eficiente."
"2019/06/21 7:21:22 AM GMT-3","Entre 31 e 60 anos","Ensino Superior Completo","Sim","Pois acho mais preciso.","Eu acho que sera uma realidade mas para daqui a muitos anos. Estamos longe dessa ficçao cientifica ainda. "
"2019/06/21 7:24:46 AM GMT-3","Entre 31 e 60 anos","Ensino Superior Completo","Nao",,"O homem e  um ser pensamento.  Prefiro o homem "
"2019/06/21 7:30:38 AM GMT-3","Entre 31 e 60 anos","Ensino Superior Completo","Depende","Robos comandados por medicos experientes e preparados para tal comando.","Acredito que nao deva ter essa substituiçao, porem em alguns casos a precisao de uma cirurgia, por exemplo, ja esta sendo mais eficaz e indicada por alguns especialistas da medicina. Sustibuir o homem medico por um robo medico nao gostaria. "
"2019/06/21 8:07:25 AM GMT-3","Entre 31 e 60 anos","Ensino Superior Completo","Depende","Se tiver passado , o robo, por todos os testes pertinentes, e os riscos identificados, concordaria. ","Acho que e o esperado para o futuro. Mas tera uma discussao grande e sofrera resistencia. "
"2019/06/21 8:08:37 AM GMT-3","Entre 31 e 60 anos","Ensino Superior Completo","Sim","Medicina e ciencia caminham junto. Faz parte da evoluçao ","As maquinas substituem os homens em varios setores. Na verdade e um trabalho feito pelo homem atraves da maquina. O homem cria a maquina "
"2019/06/21 8:39:30 AM GMT-3","Entre 31 e 60 anos","Ensino Superior Completo","Sim","Acredito ter maior precisao e menor risco ","Um avanço."
"2019/06/21 8:58:47 AM GMT-3","Entre 31 e 60 anos","Ensino Superior Completo","Sim","Apenas por recomendaçao do Cirurgiao ","Eu sou cirurgiao toracico. Na verdade o cirurgiao e quem opera o robo e ainda tem outro cirurgiao junto ao paciente enquanto o robo esta atuando por segurança. Sendo assim o robo ainda nao substituiu Cirugiao, na verdade ele foi adicionado a equipe. Na maioria das cirurgias que podem ser feitas por video nao existe vantagem tecnica com o uso do robo, apenas comodidade para o cirurgiao. Uma desvantagem do robo em relaçao a cirugia convencional e a cirugia por video e que no robo o Cirugiao nao tem Feedback de tato e resistencia dos tecidos. No robo se vc puxar uma estrutura o braço do robo vai arranca-la sem vc sentir resistencia, o que nao acontece na cirugia convencional e na cirugia por video porque o Cirugiao sente que o tecido esta duro e nao pode ser puxado com força.  O custo da cirugia com o robo ainda e muito elevado. Eu como cirurgiao entendo que esta e uma tecnologia que veio para ficar e as equipes devem treinar para poder absorver esta mudança. O uso amplo desta tecnologia ainda esta distante a meu ver por conta do custo elevado. "
"2019/06/21 9:25:12 AM GMT-3","Entre 31 e 60 anos","Ensino Superior Completo","Sim","Maior precisao. Menos lesao.","Substituiçao total nao. Somente em alguns casos."
"2019/06/21 9:26:35 AM GMT-3","Entre 31 e 60 anos","Ensino Superior Completo","Nao","Acho que ficaria insegura.","Falta de humanizaçao na relaçao paciente e medico, ja esta tao precaria essa ausencia, acredito que acentuaria a situaçao."
"2019/06/21 9:45:58 AM GMT-3","Entre 31 e 60 anos","Ensino Superior Completo","Depende","Somente se fosse um procedimento comumente ja realizado por robos e se houvesse supervisao de medico habilitado.","Acredito que deva ser um complemento e nao substituiçao total."
"2019/06/21 9:52:18 AM GMT-3","Entre 25 e 30 anos","Ensino Superior Completo","Sim","Ja ouvi falar da tecnologia, e acredito que tera ate melhor precisao e probabilidade de sucesso.","Se trata de substituiçao ou maquinas controladas por medicos cirurgioes? A primeira sou contra porque a maquina nao sabe trabalhar com o imprevisto, mas a segunda acho favoravel."
"2019/06/21 9:55:30 AM GMT-3","Entre 31 e 60 anos","Ensino Superior Completo","Sim","Acredito que o avanço tecnologico nessa area e fundamental para que mais pessoas possam se salvas. ","Em algumas areas acredito que seja impossivel substituir, porem os robos podem ser uteis em casos cirurgicos, onde trarao mais eficiencia e segurança. "
"2019/06/21 10:09:53 AM GMT-3","Entre 18 e 21 anos","Ensino Medio Completo","Depende","nao sei se confio 100% em um robo","em certos casos, acho possivel, mas nada como um humano no controle"
"2019/06/21 10:10:19 AM GMT-3","Entre 31 e 60 anos","Ensino Superior Completo","Nao","Insegurança ","Discordo, robos podem auxiliar mas nao substituir. "
"2019/06/21 10:17:32 AM GMT-3","Entre 31 e 60 anos","Ensino Superior Completo","Nao","Ta louco?","Ta louco?"
"2019/06/21 10:19:13 AM GMT-3","Entre 31 e 60 anos","Ensino Superior Completo","Sim","Por achar que seria de alta precisao. ","Seria melhor a combinaçao dos dois."
"2019/06/21 10:34:47 AM GMT-3","Entre 31 e 60 anos","Ensino Superior Completo","Sim","Confiança na medicina","Isso ainda eu nao acredito"
"2019/06/21 10:57:28 AM GMT-3","Menos de 18","Ensino Fundamental Incompleto","Sim","N vejo problema","Seria uma coisa inovadora o que proporcionaria um grande avanço"
"2019/06/21 11:01:00 AM GMT-3","Entre 31 e 60 anos","Ensino Superior Completo","Depende","Dependeria do humano que estivesse monitorando o robo. ","Em alguns casos pode ser possivel, em outras nao. "
"2019/06/21 11:01:16 AM GMT-3","Menos de 18","Ensino Fundamental Incompleto","Sim",,"Acredito que os robos podem ajudar no quesito da precisao"
"2019/06/21 11:18:34 AM GMT-3","Menos de 18","Ensino Medio Incompleto","Depende","Se a tecnologia for tao avançada a ponto de um robo conseguir fazer uma cirurgia precisa , sim, eu gostaria ","Eu acho que depende a situaçao.  Se um robo for capaz de fazer uma cirurgia e for mais eficiente que um humano seria uma substituiçao interessante, mas nao acho que uma troca a longo prazo seria legal ."
"2019/06/21 11:31:08 AM GMT-3","Menos de 18","Ensino Fundamental Incompleto","Sim",,"Nao ligo"
"2019/06/21 11:31:39 AM GMT-3","Entre 31 e 60 anos","Ensino Superior Completo","Nao","Nao tem poder de decisao num imprevisto","Um caos"
"2019/06/21 11:35:05 AM GMT-3","Menos de 18","Ensino Fundamental Incompleto","Depende","Nesse requisito de um robo  fazer  uma cirurgia, eu pessoalmente nao  gostaria de ter um robo me operando mas sim um humano porem, se fosse pra diagnosticar alguma doença que eu sofra eu deixaria o robo  me analisar mas, logo em seguida um medico humano  deveria verificar.","Acho totalmente errado pois nos humanos nao  devemos perder à area da medicina para robos  pois, robos  tambem podem cometer falhas mais que humanos"
"2019/06/21 11:38:09 AM GMT-3","Menos de 18","Ensino Fundamental Incompleto","Nao","nao confiaria ","perigosa "
"2019/06/21 11:38:14 AM GMT-3","Menos de 18","Ensino Fundamental Incompleto","Nao","nao confiaria ","perigosa "
"2019/06/21 11:38:45 AM GMT-3","Entre 31 e 60 anos","Ensino Superior Incompleto","Nao","Hoje nao, quem sabe no futuro proximo.","Acho uma excelente ideia."
"2019/06/21 12:13:23 PM GMT-3","Menos de 18","Ensino Fundamental Incompleto","Depende",," Isso tiraria empregos de pessoas que precisam. Pessoas  que estudaram medicina e gastaram o tempo delas seriam trocadas por maquinas. Mas usar a tecnologia pra auxiliar o medico, nao prejudicaria a ninguem  "
"2019/06/21 12:22:34 PM GMT-3","Entre 18 e 21 anos","Ensino Superior Incompleto","Nao","Porque eles nao tem a parte humana que eu julgo necessaria quando se trata de lidar com um outro ser. Tambem tem a questao de que se der algum problema tecnico, tera alguem ali para socorrer? Nao confio nem em pessoas fazendo cirurgia, quem dira um robo. ","Acho extremamente desnecessario e aumentaria o numero de desempregos (que ja nao e um numero bonito) e consequentemente tambem aumentaria a quantidade de lixos no mundo. So tragedia."
"2019/06/21 12:32:40 PM GMT-3","Entre 18 e 21 anos","Ensino Medio Completo","Nao","Medo","Ruim"
"2019/06/21 1:08:13 PM GMT-3","Entre 31 e 60 anos","Ensino Superior Completo","Depende","Se esta tecnologia fosse auxiliar do serviço do medico ","Sou contra. Acho a associaçao da tecnologia com a atividade medica a melhor opçao."
"2019/06/21 1:24:26 PM GMT-3","Entre 31 e 60 anos","Ensino Superior Completo","Depende","Depende da complexidade do procedimento.","Como para todas as atividades, penso que robos poderao Assir tarefas simples e manter as atividades mais complexas com humanos."
"2019/06/21 1:28:32 PM GMT-3","Entre 31 e 60 anos","Ensino Superior Completo","Depende","Cirurgias de menor complexidade . Sim . ","Nao aprovo "
"2019/06/21 1:42:16 PM GMT-3","Entre 31 e 60 anos","Ensino Superior Completo","Sim","Desde que programado de maneira correta pode executar tarefas que o humano nao conseguiria.","Como disse na resposta anterior, pode ser programado para fazer tarefas que o humano nao consegue."
"2019/06/21 1:43:29 PM GMT-3","Entre 25 e 30 anos","Ensino Superior Completo","Depende","Depende da cirurgia e da recomendaçao medica","Nao tenho muita propriedade mas acho que deve ser bom em alguns casos"
"2019/06/21 2:23:52 PM GMT-3","Entre 31 e 60 anos","Ensino Superior Completo","Sim","Pela precisao ","Nao pode substituir... deve ser um aliado "
"2019/06/21 2:34:20 PM GMT-3","Entre 31 e 60 anos","Ensino Superior Completo","Depende","Depende da tecnologia disponivel","Penso que devera ter um integraçao  com o ser humano."
"2019/06/21 4:48:53 PM GMT-3","Entre 18 e 21 anos","Ensino Superior Incompleto","Depende","Para que robos funcionem eles precisam de dados exatos, nem sempre isso e possivel na medicina, entao dependeria do caso","Nao acredito que possa haver uma substituiçao completa, nem que a substituiçao completa seja uma ideia sensata, mas acredito q possa acontecer sim de forma satistatoria"
"2019/06/21 5:10:31 PM GMT-3","Entre 31 e 60 anos","Ensino Superior Completo","Depende","Da origem deste robo e por quem e controlado. ","Tenho algumas restriçoes, apesar de reconhecer que  falhas humanas acontecem na execuçao da medicina, mas hoje ainda acredito que a percepçao humana, a sensibilidade sao essenciais a pratica da medicina."
"2019/06/21 8:40:09 PM GMT-3","Entre 31 e 60 anos","Ensino Medio Completo","Sim","Pela confiança no criador do robo. ","Um bom caminho "
"2019/06/21 10:16:08 PM GMT-3","Entre 31 e 60 anos","Ensino Medio Completo","Depende","Algo fora do comum
","Legal"
"2019/06/22 9:07:49 AM GMT-3","Entre 31 e 60 anos","Ensino Superior Completo","Depende","As maquinas sao importantes auxilios em cirurgias,mas o conhecimento e o instinto humano ainda sao o diferencial entre a vida e a morte. ","Tanto na medicina quanto em qualquer outra area, os robos devem auxiliar e nunca substituir o ser humano."
"2019/06/22 11:41:00 AM GMT-3","Entre 31 e 60 anos","Ensino Superior Completo","Sim","Sao mais precisos ","Pode ser necessario "
"2019/06/22 12:46:58 PM GMT-3","Entre 31 e 60 anos","Ensino Superior Completo","Sim","Melhora a precisao ","Nao se trata de substituiçao mas sim de agregar valor.  O homem opera o robo. "
"2019/06/22 1:00:16 PM GMT-3","Entre 31 e 60 anos","Ensino Superior Completo","Depende","Depende da complexidade.","Acho valida em alguns casos,. Na verdade os robos sao controlados por humanos e dependendo do caso as cirurgias sao menos invasivas."
"2019/06/22 1:11:56 PM GMT-3","Entre 31 e 60 anos","Ensino Superior Completo","Nao","No Brasil, NaO temos tecnologia pra isso...Falta de confiança. ","Acho complicado para um pais que nao trata as pessoas como seres humanos ."
